{
    "language": "en",
	"commands": {
		"mypoint": {
			"usage": "/mypoint",
			"description": "Shows your point"
		},
		"toppoint": {
			"usage": "/toppoint [page]",
			"description": "Shows top point of this server"
		},
		"setpoint": {
			"usage": "/setpoint <player> <amount>",
			"description": "Set point of player"
		},
		"seepoint": {
			"usage": "/seepoint <player>",
			"description": "Shows money of player"
		},
		"givepoint": {
			"usage": "/givepoint <player> <amount>",
			"description": "Gives point to player"
		},
		"takepoint": {
			"usage": "/takepoint <player> <amount>",
			"description": "Takes money from player"
		},
		"payp": {
			"usage": "/payp <player> <amount>",
			"description": "Pays money to player"
		},
		"setlangp": {
			"usage": "/setlangp <language>",
			"description": "Set your language"
		},
		"mystatusp": {
			"usage": "/mystatusp",
			"description": "Shows your status of money"
		}
	},
    "language-set": "Language set to %1 by onebone",
    "request-cancelled": "Your request was cancelled",
    "player-not-connected": "§l§7[§6 POINT §7 ]§b người chơi§e %1 §bKhông hoạt động.",
    "player-never-connected": "Player %1 was never connected.",
    "topmoney-tag": "- §b§lTOP Point Server §a[§6 %1 / %2 §a] -",
    "topmoney-format": "§6[%1]§b %2:§1 %3",
    "pay-failed": "§l§7[§6 POINT §7 ]§c Pay thất bại",
    "pay-success": "§l§7[§6 POINT §7 ]§a Gửi thành công§e %MONETARY_UNIT% §b%1 §acho§e %2.",
    "money-paid": "%1 gave you %MONETARY_UNIT%%2.",
    "takemoney-must-be-number": "Amount must be numeric",
    "takemoney-invalid-number": "Invalid number",
    "takemoney-player-lack-of-money": "%1 does not have enough %MONETARY_UNIT%%2. %1's money : %MONETARY_UNIT%%3",
    "takemoney-money-taken": "Your %MONETARY_UNIT%%1 have been taken",
    "takemoney-took-money": "Taken %MONETARY_UNIT%%2 from %1",
    "takemoney-failed": "You have failed to take money",
    "givemoney-must-be-number": "Amount must be numeric",
    "givemoney-invalid-number": "Invalid number",
    "givemoney-money-given": "You have earned %MONETARY_UNIT%%1",
    "givemoney-gave-money": "§l§7[§6 POINT §7 ] cho %MONETARY_UNIT%% đến %2",
    "seemoney-seemoney": "Player %1's money : %2",
    "setmoney-setmoney": "Player %1's money has been set to %MONETARY_UNIT%%2",
    "setmoney-set": "§l§7[§6 POINT §7 ]§b Point của bạn được chỉnh thành§e %MONETARY_UNIT%%1",
    "setmoney-failed": "Failed to set money due to unknown error",
    "setmoney-invalid-number": "%MONETARY_UNIT%%1 must be a numeric value",
    "mymoney-mymoney": "§l§7[§6 POINT §7 ]§a Point của bạn:§e %MONETARY_UNIT%%1",
    "mystatus-show": "My money status : %1%"
}
